{
    "csrf_token": "Ijk1YWRmMzVkZmFmMmQxZGY1Y2E3MjI4ZjM4NjYxMjY4OTMyOGMwNWQi.YFs5hA.WghrwNY_cLVbwZQpz_uLwnqm5qU",
    "merchantCode": "T3348",
    "merchantSchemeCode": "test",
    "SALT": "1496899267KMOWJE",
    "currency": "INR",
    "typeOfPayment": "TEST",
    "primaryColor": "#808080",
    "secondaryColor": "#000000",
    "buttonColor1": "#1969bb",
    "buttonColor2": "#FFFFFF",
    "logoURL": "https://www.paynimo.com/CompanyDocs/company-logo-md.png",
    "enableExpressPay": "false",
    "separateCardMode": "false",
    "enableNewWindowFlow": "true",
    "merchantMessage": "",
    "disclaimerMessage": "",
    "paymentMode": "all",
    "paymentModeOrder": "cards,netBanking,imps,wallets,cashCards,UPI,MVISA,debitPin,NEFTRTGS,emiBanks",
    "enableInstrumentDeRegistration": "false",
    "transactionType": "SALE",
    "hideSavedInstruments": "false",
    "saveInstrument": "false",
    "displayTransactionMessageOnPopup": "false",
    "embedPaymentGatewayOnPage": "false",
    "enableSI": "false",
    "hideSIDetails": "false",
    "hideSIConfirmation": "false",
    "expandSIDetails": "false",
    "enableDebitDay": "false",
    "showSIResponseMsg": "false",
    "showSIConfirmation": "false",
    "enableTxnForNonSICards": "false",
    "showAllModesWithSI": "false",
    "submit": "Save"
}